﻿<?xml version="1.0" encoding="utf-8"?>
<!--DO NOT EDIT. This document is generated by PSoC Creator design builds.-->
<PSoCCreatorIdeExport Version="1">
  <Device Part="CY8C5868AXI-LP035" Processor="CortexM3" DeviceID="2E123069" />
  <Toolchains>
    <Toolchain Name="ARM GCC" Selected="True">
      <Tool Name="prebuild" Command="" Options="" />
      <Tool Name="assembler" Command="arm-none-eabi-as.exe" Options="-I. -I./Generated_Source/PSoC5 -mcpu=cortex-m3 -mthumb -g -alh=${OutputDir}/${CompileFile}.lst " />
      <Tool Name="compiler" Command="arm-none-eabi-gcc.exe" Options="-I. -I./Generated_Source/PSoC5 -Wno-main -mcpu=cortex-m3 -mthumb -Wall -g -Wa,-alh=${OutputDir}\${CompileFile}.lst -ffunction-sections " />
      <Tool Name="linker" Command="arm-none-eabi-gcc.exe" Options="-mthumb -march=armv7-m -mfix-cortex-m3-ldrd -T .\Generated_Source\PSoC5\cm3gcc.ld -g -Wl,-Map,${OutputDir}\${ProjectShortName}.map -specs=nano.specs -Wl,--gc-sections " />
      <Tool Name="postbuild" Command="" Options="" />
    </Toolchain>
    <Toolchain Name="ARM Keil MDK" Selected="False">
      <Tool Name="prebuild" Command="" Options="" />
      <Tool Name="assembler" Command="armasm.exe" Options="-i. -iGenerated_Source/PSoC5 --diag_style=gnu --thumb --cpu=Cortex-M3 -g --list=${OutputDir}/${CompileFile}.lst " />
      <Tool Name="compiler" Command="armcc.exe" Options="-I. -I./Generated_Source/PSoC5 --diag_suppress=951 --diag_style=gnu --cpu=Cortex-M3 -g -D DEBUG --signed_chars --list -O0 --split_sections " />
      <Tool Name="linker" Command="armlink.exe" Options="--diag_style=gnu --no_startup --cpu=Cortex-M3 --scatter .\Generated_Source\PSoC5\Cm3RealView.scat --map --list ${OutputDir}\${ProjectShortName}.map " />
      <Tool Name="postbuild" Command="" Options="" />
    </Toolchain>
  </Toolchains>
  <Project Name="SpeedControl01" Path="C:\Users\Public\Documents\Carlab\BC and TJ\Project 1\SpeedControl01\SpeedControl01.cydsn" Version="4.11" Type="Normal">
    <CMSIS_SVD_File>SpeedControl01.svd</CMSIS_SVD_File>
    <Datasheet />
    <LinkerFiles>
      <LinkerFile Toolchain="ARM GCC">.\Generated_Source\PSoC5\cm3gcc.ld</LinkerFile>
      <LinkerFile Toolchain="ARM Keil MDK">.\Generated_Source\PSoC5\Cm3RealView.scat</LinkerFile>
      <LinkerFile Toolchain="IAR EWARM">.\Generated_Source\PSoC5\Cm3Iar.icf</LinkerFile>
    </LinkerFiles>
    <Folders>
      <Folder BuildType="BUILD" Path="C:\Users\Public\Documents\Carlab\BC and TJ\Project 1\SpeedControl01\SpeedControl01.cydsn">
        <Files Root="C:\Users\Public\Documents\Carlab\BC and TJ\Project 1\SpeedControl01\SpeedControl01.cydsn">
          <File BuildType="BUILD" Toolchain="">.\main.c</File>
          <File BuildType="BUILD" Toolchain="">.\device.h</File>
        </Files>
      </Folder>
      <Folder BuildType="STRICT" Path="C:\Users\Public\Documents\Carlab\BC and TJ\Project 1\SpeedControl01\SpeedControl01.cydsn\Generated_Source\PSoC5">
        <Files Root="C:\Users\Public\Documents\Carlab\BC and TJ\Project 1\SpeedControl01\SpeedControl01.cydsn">
          <File BuildType="BUILD" Toolchain="">.\Generated_Source\PSoC5\cyfitter_cfg.h</File>
          <File BuildType="BUILD" Toolchain="">.\Generated_Source\PSoC5\cyfitter_cfg.c</File>
          <File BuildType="BUILD" Toolchain="">.\Generated_Source\PSoC5\cydevice.h</File>
          <File BuildType="BUILD" Toolchain="">.\Generated_Source\PSoC5\cydevicegnu.inc</File>
          <File BuildType="BUILD" Toolchain="">.\Generated_Source\PSoC5\cydevicerv.inc</File>
          <File BuildType="BUILD" Toolchain="">.\Generated_Source\PSoC5\cydevice_trm.h</File>
          <File BuildType="BUILD" Toolchain="">.\Generated_Source\PSoC5\cydevicegnu_trm.inc</File>
          <File BuildType="BUILD" Toolchain="">.\Generated_Source\PSoC5\cydevicerv_trm.inc</File>
          <File BuildType="BUILD" Toolchain="">.\Generated_Source\PSoC5\cyfittergnu.inc</File>
          <File BuildType="BUILD" Toolchain="">.\Generated_Source\PSoC5\cyfitterrv.inc</File>
          <File BuildType="BUILD" Toolchain="">.\Generated_Source\PSoC5\cyfitter.h</File>
          <File BuildType="BUILD" Toolchain="">.\Generated_Source\PSoC5\LCD.c</File>
          <File BuildType="BUILD" Toolchain="">.\Generated_Source\PSoC5\LCD.h</File>
          <File BuildType="BUILD" Toolchain="">.\Generated_Source\PSoC5\LCD_PM.c</File>
          <File BuildType="BUILD" Toolchain="">.\Generated_Source\PSoC5\Pin_button_aliases.h</File>
          <File BuildType="BUILD" Toolchain="">.\Generated_Source\PSoC5\Pin_button.c</File>
          <File BuildType="BUILD" Toolchain="">.\Generated_Source\PSoC5\Pin_button.h</File>
          <File BuildType="BUILD" Toolchain="">.\Generated_Source\PSoC5\inter_button.c</File>
          <File BuildType="BUILD" Toolchain="">.\Generated_Source\PSoC5\inter_button.h</File>
          <File BuildType="BUILD" Toolchain="">.\Generated_Source\PSoC5\PWM.c</File>
          <File BuildType="BUILD" Toolchain="">.\Generated_Source\PSoC5\PWM.h</File>
          <File BuildType="BUILD" Toolchain="">.\Generated_Source\PSoC5\PWM_PM.c</File>
          <File BuildType="BUILD" Toolchain="">.\Generated_Source\PSoC5\Pin_motor_aliases.h</File>
          <File BuildType="BUILD" Toolchain="">.\Generated_Source\PSoC5\Pin_motor.c</File>
          <File BuildType="BUILD" Toolchain="">.\Generated_Source\PSoC5\Pin_motor.h</File>
          <File BuildType="BUILD" Toolchain="">.\Generated_Source\PSoC5\Clock_1.c</File>
          <File BuildType="BUILD" Toolchain="">.\Generated_Source\PSoC5\Clock_1.h</File>
          <File BuildType="BUILD" Toolchain="">.\Generated_Source\PSoC5\LCD_LCDPort_aliases.h</File>
          <File BuildType="BUILD" Toolchain="">.\Generated_Source\PSoC5\LCD_LCDPort.c</File>
          <File BuildType="BUILD" Toolchain="">.\Generated_Source\PSoC5\LCD_LCDPort.h</File>
          <File BuildType="BUILD" Toolchain="">.\Generated_Source\PSoC5\Cm3Start.c</File>
          <File BuildType="BUILD" Toolchain="">.\Generated_Source\PSoC5\core_cm3_psoc5.h</File>
          <File BuildType="BUILD" Toolchain="">.\Generated_Source\PSoC5\core_cm3.h</File>
          <File BuildType="BUILD" Toolchain="ARM GCC">.\Generated_Source\PSoC5\CyBootAsmGnu.s</File>
          <File BuildType="BUILD" Toolchain="ARM RVDS">.\Generated_Source\PSoC5\CyBootAsmRv.s</File>
          <File BuildType="BUILD" Toolchain="">.\Generated_Source\PSoC5\CyDmac.c</File>
          <File BuildType="BUILD" Toolchain="">.\Generated_Source\PSoC5\CyDmac.h</File>
          <File BuildType="BUILD" Toolchain="">.\Generated_Source\PSoC5\CyFlash.c</File>
          <File BuildType="BUILD" Toolchain="">.\Generated_Source\PSoC5\CyFlash.h</File>
          <File BuildType="BUILD" Toolchain="">.\Generated_Source\PSoC5\CyLib.c</File>
          <File BuildType="BUILD" Toolchain="">.\Generated_Source\PSoC5\CyLib.h</File>
          <File BuildType="BUILD" Toolchain="">.\Generated_Source\PSoC5\cypins.h</File>
          <File BuildType="BUILD" Toolchain="">.\Generated_Source\PSoC5\cyPm.c</File>
          <File BuildType="BUILD" Toolchain="">.\Generated_Source\PSoC5\cyPm.h</File>
          <File BuildType="BUILD" Toolchain="">.\Generated_Source\PSoC5\CySpc.c</File>
          <File BuildType="BUILD" Toolchain="">.\Generated_Source\PSoC5\CySpc.h</File>
          <File BuildType="BUILD" Toolchain="">.\Generated_Source\PSoC5\cytypes.h</File>
          <File BuildType="BUILD" Toolchain="">.\Generated_Source\PSoC5\cyutils.c</File>
          <File BuildType="BUILD" Toolchain="">.\Generated_Source\PSoC5\core_cmFunc.h</File>
          <File BuildType="BUILD" Toolchain="">.\Generated_Source\PSoC5\core_cmInstr.h</File>
          <File BuildType="BUILD" Toolchain="IAR EWARM">.\Generated_Source\PSoC5\CyBootAsmIar.s</File>
          <File BuildType="BUILD" Toolchain="">.\Generated_Source\PSoC5\project.h</File>
          <File BuildType="BUILD" Toolchain="">.\Generated_Source\PSoC5\UART_1.c</File>
          <File BuildType="BUILD" Toolchain="">.\Generated_Source\PSoC5\UART_1.h</File>
          <File BuildType="BUILD" Toolchain="">.\Generated_Source\PSoC5\UART_1_PM.c</File>
          <File BuildType="BUILD" Toolchain="">.\Generated_Source\PSoC5\UART_1_INT.c</File>
          <File BuildType="BUILD" Toolchain="">.\Generated_Source\PSoC5\UART_1_BOOT.c</File>
          <File BuildType="BUILD" Toolchain="">.\Generated_Source\PSoC5\rx_rcvd.c</File>
          <File BuildType="BUILD" Toolchain="">.\Generated_Source\PSoC5\rx_rcvd.h</File>
          <File BuildType="BUILD" Toolchain="">.\Generated_Source\PSoC5\Hall_sensor_aliases.h</File>
          <File BuildType="BUILD" Toolchain="">.\Generated_Source\PSoC5\Hall_sensor.c</File>
          <File BuildType="BUILD" Toolchain="">.\Generated_Source\PSoC5\Hall_sensor.h</File>
          <File BuildType="BUILD" Toolchain="">.\Generated_Source\PSoC5\wheel_tick.c</File>
          <File BuildType="BUILD" Toolchain="">.\Generated_Source\PSoC5\wheel_tick.h</File>
          <File BuildType="BUILD" Toolchain="">.\Generated_Source\PSoC5\Timer_1.c</File>
          <File BuildType="BUILD" Toolchain="">.\Generated_Source\PSoC5\Timer_1.h</File>
          <File BuildType="BUILD" Toolchain="">.\Generated_Source\PSoC5\Timer_1_PM.c</File>
          <File BuildType="BUILD" Toolchain="">.\Generated_Source\PSoC5\cymetadata.c</File>
          <File BuildType="BUILD" Toolchain="">.\Generated_Source\PSoC5\cydeviceiar.inc</File>
          <File BuildType="BUILD" Toolchain="">.\Generated_Source\PSoC5\cydeviceiar_trm.inc</File>
          <File BuildType="BUILD" Toolchain="">.\Generated_Source\PSoC5\cyfitteriar.inc</File>
          <File BuildType="BUILD" Toolchain="">.\Generated_Source\PSoC5\cydisabledsheets.h</File>
          <File BuildType="BUILD" Toolchain="">.\Generated_Source\PSoC5\UART_1_IntClock.c</File>
          <File BuildType="BUILD" Toolchain="">.\Generated_Source\PSoC5\UART_1_IntClock.h</File>
          <File BuildType="BUILD" Toolchain="">.\Generated_Source\PSoC5\prebuild.bat</File>
          <File BuildType="BUILD" Toolchain="">.\Generated_Source\PSoC5\postbuild.bat</File>
          <File BuildType="BUILD" Toolchain="">.\Generated_Source\PSoC5\CyElfTool.exe</File>
          <File BuildType="BUILD" Toolchain="">.\Generated_Source\PSoC5\libelf.dll</File>
        </Files>
      </Folder>
      <Folder BuildType="STRICT" Path="C:\Users\Public\Documents\Carlab\BC and TJ\Project 1\SpeedControl01\SpeedControl01.cydsn\Generated_Source\PSoC5\ARM_GCC">
        <Files Root="C:\Users\Public\Documents\Carlab\BC and TJ\Project 1\SpeedControl01\SpeedControl01.cydsn">
          <File BuildType="BUILD" Toolchain="ARM GCC">.\Generated_Source\PSoC5\ARM_GCC\CyComponentLibrary.a</File>
        </Files>
      </Folder>
      <Folder BuildType="STRICT" Path="C:\Users\Public\Documents\Carlab\BC and TJ\Project 1\SpeedControl01\SpeedControl01.cydsn\Generated_Source\PSoC5\ARM_Keil_MDK">
        <Files Root="C:\Users\Public\Documents\Carlab\BC and TJ\Project 1\SpeedControl01\SpeedControl01.cydsn">
          <File BuildType="BUILD" Toolchain="ARM Keil MDK">.\Generated_Source\PSoC5\ARM_Keil_MDK\CyComponentLibrary.a</File>
        </Files>
      </Folder>
      <Folder BuildType="STRICT" Path="C:\Users\Public\Documents\Carlab\BC and TJ\Project 1\SpeedControl01\SpeedControl01.cydsn\Generated_Source\PSoC5\IAR">
        <Files Root="C:\Users\Public\Documents\Carlab\BC and TJ\Project 1\SpeedControl01\SpeedControl01.cydsn">
          <File BuildType="BUILD" Toolchain="IAR">.\Generated_Source\PSoC5\IAR\CyComponentLibrary.a</File>
        </Files>
      </Folder>
      <Folder BuildType="EXCLUDE" Path=".\codegentemp">
        <Files Root="C:\Users\Public\Documents\Carlab\BC and TJ\Project 1\SpeedControl01\SpeedControl01.cydsn" />
      </Folder>
      <Folder BuildType="EXCLUDE" Path=".\ARM_GCC_441">
        <Files Root="C:\Users\Public\Documents\Carlab\BC and TJ\Project 1\SpeedControl01\SpeedControl01.cydsn" />
      </Folder>
      <Folder BuildType="EXCLUDE" Path=".\ARM_GCC_473">
        <Files Root="C:\Users\Public\Documents\Carlab\BC and TJ\Project 1\SpeedControl01\SpeedControl01.cydsn" />
      </Folder>
      <Folder BuildType="EXCLUDE" Path=".\DP8051_Keil_951">
        <Files Root="C:\Users\Public\Documents\Carlab\BC and TJ\Project 1\SpeedControl01\SpeedControl01.cydsn" />
      </Folder>
      <Folder BuildType="EXCLUDE" Path=".\DP8051">
        <Files Root="C:\Users\Public\Documents\Carlab\BC and TJ\Project 1\SpeedControl01\SpeedControl01.cydsn" />
      </Folder>
      <Folder BuildType="EXCLUDE" Path=".\CortexM0">
        <Files Root="C:\Users\Public\Documents\Carlab\BC and TJ\Project 1\SpeedControl01\SpeedControl01.cydsn" />
      </Folder>
      <Folder BuildType="EXCLUDE" Path=".\CortexM3">
        <Files Root="C:\Users\Public\Documents\Carlab\BC and TJ\Project 1\SpeedControl01\SpeedControl01.cydsn" />
      </Folder>
    </Folders>
  </Project>
</PSoCCreatorIdeExport>